key,file,section,context,title,year,venue,doi
dctcp,paper/main.tex,Introduction,DCTCP made this distinction explicit while addressing persistent queues and incast with threshold marking and proportional sender response~[citation].,Data Center {TCP} ({DCTCP}),2010,Proc. ACM SIGCOMM,10.1145/1851182.1851192
hull,paper/main.tex,Introduction,"Modern low-latency transports, credit systems, backpressure schemes, and telemetry controllers attack adjacent control problems~[citation].",Less Is More: Trading a Little Bandwidth for Ultra-Low Latency in the Data Center,2012,Proc. USENIX NSDI,
pfabric,paper/main.tex,Introduction,"Modern low-latency transports, credit systems, backpressure schemes, and telemetry controllers attack adjacent control problems~[citation].",{pFabric}: Minimal Near-Optimal Datacenter Transport,2013,Proc. ACM SIGCOMM,
pdq,paper/main.tex,Introduction,"Modern low-latency transports, credit systems, backpressure schemes, and telemetry controllers attack adjacent control problems~[citation].",Finishing Flows Quickly with Preemptive Scheduling,2012,Proc. ACM SIGCOMM,
d3,paper/main.tex,Introduction,"Modern low-latency transports, credit systems, backpressure schemes, and telemetry controllers attack adjacent control problems~[citation].",Better Never than Late: Meeting Deadlines in Datacenter Networks,2011,Proc. ACM SIGCOMM,
d2tcp,paper/main.tex,Introduction,"Modern low-latency transports, credit systems, backpressure schemes, and telemetry controllers attack adjacent control problems~[citation].",Deadline-Aware Datacenter {TCP} ({D2TCP}),2012,Proc. ACM SIGCOMM,
dcqcn,paper/main.tex,Introduction,"Modern low-latency transports, credit systems, backpressure schemes, and telemetry controllers attack adjacent control problems~[citation].",Congestion Control for Large-Scale {RDMA} Deployments,2015,Proc. ACM SIGCOMM,
timely,paper/main.tex,Introduction,"Modern low-latency transports, credit systems, backpressure schemes, and telemetry controllers attack adjacent control problems~[citation].",{TIMELY}: {RTT}-Based Congestion Control for the Datacenter,2015,Proc. ACM SIGCOMM,
hpcc,paper/main.tex,Introduction,"Modern low-latency transports, credit systems, backpressure schemes, and telemetry controllers attack adjacent control problems~[citation].",{HPCC}: High Precision Congestion Control,2019,Proc. ACM SIGCOMM,
powertcp,paper/main.tex,Introduction,"Modern low-latency transports, credit systems, backpressure schemes, and telemetry controllers attack adjacent control problems~[citation].",{PowerTCP}: Pushing the Performance Limits of Datacenter Networks,2022,Proc. USENIX NSDI,
swift,paper/main.tex,Introduction,"Modern low-latency transports, credit systems, backpressure schemes, and telemetry controllers attack adjacent control problems~[citation].",Swift: Delay Is Simple and Effective for Congestion Control in the Datacenter,2020,Proc. ACM SIGCOMM,
homa,paper/main.tex,Introduction,"Modern low-latency transports, credit systems, backpressure schemes, and telemetry controllers attack adjacent control problems~[citation].",Homa: A Receiver-Driven Low-Latency Transport Protocol Using Network Priorities,2018,Proc. ACM SIGCOMM,
ndp,paper/main.tex,Introduction,"Modern low-latency transports, credit systems, backpressure schemes, and telemetry controllers attack adjacent control problems~[citation].",Re-Architecting Datacenter Networks and Stacks for Low Latency and High Performance,2017,Proc. ACM SIGCOMM,
expresspass,paper/main.tex,Introduction,"Modern low-latency transports, credit systems, backpressure schemes, and telemetry controllers attack adjacent control problems~[citation].",{ExpressPass}: End-to-End Credit-Based Congestion Control for Datacenters,2017,Proc. ACM SIGCOMM,
fastpass,paper/main.tex,Introduction,"Modern low-latency transports, credit systems, backpressure schemes, and telemetry controllers attack adjacent control problems~[citation].",Fastpass: A Centralized ``Zero-Queue'' Datacenter Network,2014,Proc. ACM SIGCOMM,
phost,paper/main.tex,Introduction,"Modern low-latency transports, credit systems, backpressure schemes, and telemetry controllers attack adjacent control problems~[citation].",{pHost}: Distributed Near-Optimal Datacenter Transport over Commodity Network Fabric,2015,Proc. ACM CoNEXT,
pias,paper/main.tex,Introduction,"Modern low-latency transports, credit systems, backpressure schemes, and telemetry controllers attack adjacent control problems~[citation].",Information-Agnostic Flow Scheduling for Commodity Data Centers,2015,Proc. USENIX NSDI,
sird,paper/main.tex,Introduction,"Modern low-latency transports, credit systems, backpressure schemes, and telemetry controllers attack adjacent control problems~[citation].","{SIRD}: A Sender-Informed, Receiver-Driven Datacenter Transport Protocol",2025,Proc. USENIX NSDI,
bfc,paper/main.tex,Introduction,"Modern low-latency transports, credit systems, backpressure schemes, and telemetry controllers attack adjacent control problems~[citation].",Backpressure Flow Control,2022,Proc. USENIX NSDI,
d3,paper/main.tex,"Feedback, Scheduling, and Collective Traffic","Representative systems include D$^3$ and D$^2$TCP for deadlines~[citation], pFabric, PDQ, pHost, PIAS, Homa, NDP, and Fastpass for short-flow or receiver/central scheduling~[citation], and DCQCN, TIMELY, HPCC, PowerTCP, Swift, ExpressPass, SIRD, and BFC for rate, delay, telemetry, credit, or backpressure control~[citation].",Better Never than Late: Meeting Deadlines in Datacenter Networks,2011,Proc. ACM SIGCOMM,
d2tcp,paper/main.tex,"Feedback, Scheduling, and Collective Traffic","Representative systems include D$^3$ and D$^2$TCP for deadlines~[citation], pFabric, PDQ, pHost, PIAS, Homa, NDP, and Fastpass for short-flow or receiver/central scheduling~[citation], and DCQCN, TIMELY, HPCC, PowerTCP, Swift, ExpressPass, SIRD, and BFC for rate, delay, telemetry, credit, or backpressure control~[citation].",Deadline-Aware Datacenter {TCP} ({D2TCP}),2012,Proc. ACM SIGCOMM,
pfabric,paper/main.tex,"Feedback, Scheduling, and Collective Traffic","Representative systems include D$^3$ and D$^2$TCP for deadlines~[citation], pFabric, PDQ, pHost, PIAS, Homa, NDP, and Fastpass for short-flow or receiver/central scheduling~[citation], and DCQCN, TIMELY, HPCC, PowerTCP, Swift, ExpressPass, SIRD, and BFC for rate, delay, telemetry, credit, or backpressure control~[citation].",{pFabric}: Minimal Near-Optimal Datacenter Transport,2013,Proc. ACM SIGCOMM,
pdq,paper/main.tex,"Feedback, Scheduling, and Collective Traffic","Representative systems include D$^3$ and D$^2$TCP for deadlines~[citation], pFabric, PDQ, pHost, PIAS, Homa, NDP, and Fastpass for short-flow or receiver/central scheduling~[citation], and DCQCN, TIMELY, HPCC, PowerTCP, Swift, ExpressPass, SIRD, and BFC for rate, delay, telemetry, credit, or backpressure control~[citation].",Finishing Flows Quickly with Preemptive Scheduling,2012,Proc. ACM SIGCOMM,
phost,paper/main.tex,"Feedback, Scheduling, and Collective Traffic","Representative systems include D$^3$ and D$^2$TCP for deadlines~[citation], pFabric, PDQ, pHost, PIAS, Homa, NDP, and Fastpass for short-flow or receiver/central scheduling~[citation], and DCQCN, TIMELY, HPCC, PowerTCP, Swift, ExpressPass, SIRD, and BFC for rate, delay, telemetry, credit, or backpressure control~[citation].",{pHost}: Distributed Near-Optimal Datacenter Transport over Commodity Network Fabric,2015,Proc. ACM CoNEXT,
pias,paper/main.tex,"Feedback, Scheduling, and Collective Traffic","Representative systems include D$^3$ and D$^2$TCP for deadlines~[citation], pFabric, PDQ, pHost, PIAS, Homa, NDP, and Fastpass for short-flow or receiver/central scheduling~[citation], and DCQCN, TIMELY, HPCC, PowerTCP, Swift, ExpressPass, SIRD, and BFC for rate, delay, telemetry, credit, or backpressure control~[citation].",Information-Agnostic Flow Scheduling for Commodity Data Centers,2015,Proc. USENIX NSDI,
homa,paper/main.tex,"Feedback, Scheduling, and Collective Traffic","Representative systems include D$^3$ and D$^2$TCP for deadlines~[citation], pFabric, PDQ, pHost, PIAS, Homa, NDP, and Fastpass for short-flow or receiver/central scheduling~[citation], and DCQCN, TIMELY, HPCC, PowerTCP, Swift, ExpressPass, SIRD, and BFC for rate, delay, telemetry, credit, or backpressure control~[citation].",Homa: A Receiver-Driven Low-Latency Transport Protocol Using Network Priorities,2018,Proc. ACM SIGCOMM,
ndp,paper/main.tex,"Feedback, Scheduling, and Collective Traffic","Representative systems include D$^3$ and D$^2$TCP for deadlines~[citation], pFabric, PDQ, pHost, PIAS, Homa, NDP, and Fastpass for short-flow or receiver/central scheduling~[citation], and DCQCN, TIMELY, HPCC, PowerTCP, Swift, ExpressPass, SIRD, and BFC for rate, delay, telemetry, credit, or backpressure control~[citation].",Re-Architecting Datacenter Networks and Stacks for Low Latency and High Performance,2017,Proc. ACM SIGCOMM,
fastpass,paper/main.tex,"Feedback, Scheduling, and Collective Traffic","Representative systems include D$^3$ and D$^2$TCP for deadlines~[citation], pFabric, PDQ, pHost, PIAS, Homa, NDP, and Fastpass for short-flow or receiver/central scheduling~[citation], and DCQCN, TIMELY, HPCC, PowerTCP, Swift, ExpressPass, SIRD, and BFC for rate, delay, telemetry, credit, or backpressure control~[citation].",Fastpass: A Centralized ``Zero-Queue'' Datacenter Network,2014,Proc. ACM SIGCOMM,
dcqcn,paper/main.tex,"Feedback, Scheduling, and Collective Traffic","Representative systems include D$^3$ and D$^2$TCP for deadlines~[citation], pFabric, PDQ, pHost, PIAS, Homa, NDP, and Fastpass for short-flow or receiver/central scheduling~[citation], and DCQCN, TIMELY, HPCC, PowerTCP, Swift, ExpressPass, SIRD, and BFC for rate, delay, telemetry, credit, or backpressure control~[citation].",Congestion Control for Large-Scale {RDMA} Deployments,2015,Proc. ACM SIGCOMM,
timely,paper/main.tex,"Feedback, Scheduling, and Collective Traffic","Representative systems include D$^3$ and D$^2$TCP for deadlines~[citation], pFabric, PDQ, pHost, PIAS, Homa, NDP, and Fastpass for short-flow or receiver/central scheduling~[citation], and DCQCN, TIMELY, HPCC, PowerTCP, Swift, ExpressPass, SIRD, and BFC for rate, delay, telemetry, credit, or backpressure control~[citation].",{TIMELY}: {RTT}-Based Congestion Control for the Datacenter,2015,Proc. ACM SIGCOMM,
hpcc,paper/main.tex,"Feedback, Scheduling, and Collective Traffic","Representative systems include D$^3$ and D$^2$TCP for deadlines~[citation], pFabric, PDQ, pHost, PIAS, Homa, NDP, and Fastpass for short-flow or receiver/central scheduling~[citation], and DCQCN, TIMELY, HPCC, PowerTCP, Swift, ExpressPass, SIRD, and BFC for rate, delay, telemetry, credit, or backpressure control~[citation].",{HPCC}: High Precision Congestion Control,2019,Proc. ACM SIGCOMM,
powertcp,paper/main.tex,"Feedback, Scheduling, and Collective Traffic","Representative systems include D$^3$ and D$^2$TCP for deadlines~[citation], pFabric, PDQ, pHost, PIAS, Homa, NDP, and Fastpass for short-flow or receiver/central scheduling~[citation], and DCQCN, TIMELY, HPCC, PowerTCP, Swift, ExpressPass, SIRD, and BFC for rate, delay, telemetry, credit, or backpressure control~[citation].",{PowerTCP}: Pushing the Performance Limits of Datacenter Networks,2022,Proc. USENIX NSDI,
swift,paper/main.tex,"Feedback, Scheduling, and Collective Traffic","Representative systems include D$^3$ and D$^2$TCP for deadlines~[citation], pFabric, PDQ, pHost, PIAS, Homa, NDP, and Fastpass for short-flow or receiver/central scheduling~[citation], and DCQCN, TIMELY, HPCC, PowerTCP, Swift, ExpressPass, SIRD, and BFC for rate, delay, telemetry, credit, or backpressure control~[citation].",Swift: Delay Is Simple and Effective for Congestion Control in the Datacenter,2020,Proc. ACM SIGCOMM,
expresspass,paper/main.tex,"Feedback, Scheduling, and Collective Traffic","Representative systems include D$^3$ and D$^2$TCP for deadlines~[citation], pFabric, PDQ, pHost, PIAS, Homa, NDP, and Fastpass for short-flow or receiver/central scheduling~[citation], and DCQCN, TIMELY, HPCC, PowerTCP, Swift, ExpressPass, SIRD, and BFC for rate, delay, telemetry, credit, or backpressure control~[citation].",{ExpressPass}: End-to-End Credit-Based Congestion Control for Datacenters,2017,Proc. ACM SIGCOMM,
sird,paper/main.tex,"Feedback, Scheduling, and Collective Traffic","Representative systems include D$^3$ and D$^2$TCP for deadlines~[citation], pFabric, PDQ, pHost, PIAS, Homa, NDP, and Fastpass for short-flow or receiver/central scheduling~[citation], and DCQCN, TIMELY, HPCC, PowerTCP, Swift, ExpressPass, SIRD, and BFC for rate, delay, telemetry, credit, or backpressure control~[citation].","{SIRD}: A Sender-Informed, Receiver-Driven Datacenter Transport Protocol",2025,Proc. USENIX NSDI,
bfc,paper/main.tex,"Feedback, Scheduling, and Collective Traffic","Representative systems include D$^3$ and D$^2$TCP for deadlines~[citation], pFabric, PDQ, pHost, PIAS, Homa, NDP, and Fastpass for short-flow or receiver/central scheduling~[citation], and DCQCN, TIMELY, HPCC, PowerTCP, Swift, ExpressPass, SIRD, and BFC for rate, delay, telemetry, credit, or backpressure control~[citation].",Backpressure Flow Control,2022,Proc. USENIX NSDI,
hull,paper/main.tex,"Feedback, Scheduling, and Collective Traffic",HULL deliberately trades bandwidth for headroom~[citation].,Less Is More: Trading a Little Bandwidth for Ultra-Low Latency in the Data Center,2012,Proc. USENIX NSDI,
conga,paper/main.tex,"Feedback, Scheduling, and Collective Traffic","CONGA, Presto, LetFlow, HULA, Hermes, and Luopan illustrate flowlet, edge, programmable, resilient, and sampling-based designs~[citation].",{CONGA}: Distributed Congestion-Aware Load Balancing for Datacenters,2014,Proc. ACM SIGCOMM,
presto,paper/main.tex,"Feedback, Scheduling, and Collective Traffic","CONGA, Presto, LetFlow, HULA, Hermes, and Luopan illustrate flowlet, edge, programmable, resilient, and sampling-based designs~[citation].",Presto: Edge-Based Load Balancing for Fast Datacenter Networks,2015,Proc. ACM SIGCOMM,
letflow,paper/main.tex,"Feedback, Scheduling, and Collective Traffic","CONGA, Presto, LetFlow, HULA, Hermes, and Luopan illustrate flowlet, edge, programmable, resilient, and sampling-based designs~[citation].",Flowlet Load Balancing with LetFlow: A Simple and Efficient Scheme for Data Center Load Balancing,2017,Proc. USENIX NSDI,
hula,paper/main.tex,"Feedback, Scheduling, and Collective Traffic","CONGA, Presto, LetFlow, HULA, Hermes, and Luopan illustrate flowlet, edge, programmable, resilient, and sampling-based designs~[citation].",{HULA}: Scalable Load Balancing Using Programmable Data Planes,2016,Proc. ACM SOSR,
hermes,paper/main.tex,"Feedback, Scheduling, and Collective Traffic","CONGA, Presto, LetFlow, HULA, Hermes, and Luopan illustrate flowlet, edge, programmable, resilient, and sampling-based designs~[citation].",Resilient Datacenter Load Balancing in the Wild,2017,Proc. ACM SIGCOMM,
luopan,paper/main.tex,"Feedback, Scheduling, and Collective Traffic","CONGA, Presto, LetFlow, HULA, Hermes, and Luopan illustrate flowlet, edge, programmable, resilient, and sampling-based designs~[citation].",Luopan: Sampling-Based Load Balancing in Data Center Networks,2019,IEEE Trans. Parallel Distrib. Syst.,10.1109/TPDS.2018.2858815
scaleflux,paper/main.tex,"Feedback, Scheduling, and Collective Traffic",ScaleFlux and the alternating-direction cloud-traffic framework solve resource or traffic-management problems with online measurements and optimization~[citation]; DC-WAN measurement and prediction addresses a different forecasting scale~[citation].,{ScaleFlux}: Efficient Stateful Scaling in {NFV},2022,IEEE Trans. Parallel Distrib. Syst.,10.1109/TPDS.2022.3204209
admmcloud,paper/main.tex,"Feedback, Scheduling, and Collective Traffic",ScaleFlux and the alternating-direction cloud-traffic framework solve resource or traffic-management problems with online measurements and optimization~[citation]; DC-WAN measurement and prediction addresses a different forecasting scale~[citation].,An Alternating Direction Method Approach to Cloud Traffic Management,2017,IEEE Trans. Parallel Distrib. Syst.,10.1109/TPDS.2017.2658620
dcwan,paper/main.tex,"Feedback, Scheduling, and Collective Traffic",ScaleFlux and the alternating-direction cloud-traffic framework solve resource or traffic-management problems with online measurements and optimization~[citation]; DC-WAN measurement and prediction addresses a different forecasting scale~[citation].,Large-Scale Measurements and Prediction of {DC-WAN} Traffic,2023,IEEE Trans. Parallel Distrib. Syst.,10.1109/TPDS.2023.3245092
coflow,paper/main.tex,"Feedback, Scheduling, and Collective Traffic","The coflow abstraction, Varys, Baraat, Aalo, Sincronia, and later approximation and fairness results optimize completion or slowdown under network schedules~[citation].",Coflow: A Networking Abstraction for Cluster Applications,2012,Proc. ACM HotNets,
varys,paper/main.tex,"Feedback, Scheduling, and Collective Traffic","The coflow abstraction, Varys, Baraat, Aalo, Sincronia, and later approximation and fairness results optimize completion or slowdown under network schedules~[citation].",Efficient Coflow Scheduling with Varys,2014,Proc. ACM SIGCOMM,
baraat,paper/main.tex,"Feedback, Scheduling, and Collective Traffic","The coflow abstraction, Varys, Baraat, Aalo, Sincronia, and later approximation and fairness results optimize completion or slowdown under network schedules~[citation].",Decentralized Task-Aware Scheduling for Data Center Networks,2014,Proc. ACM SIGCOMM,
aalo,paper/main.tex,"Feedback, Scheduling, and Collective Traffic","The coflow abstraction, Varys, Baraat, Aalo, Sincronia, and later approximation and fairness results optimize completion or slowdown under network schedules~[citation].",Efficient Coflow Scheduling without Prior Knowledge,2015,Proc. ACM SIGCOMM,
sincronia,paper/main.tex,"Feedback, Scheduling, and Collective Traffic","The coflow abstraction, Varys, Baraat, Aalo, Sincronia, and later approximation and fairness results optimize completion or slowdown under network schedules~[citation].",Sincronia: Near-Optimal Network Design for Coflows,2018,Proc. ACM SIGCOMM,
coflowgeneral,paper/main.tex,"Feedback, Scheduling, and Collective Traffic","The coflow abstraction, Varys, Baraat, Aalo, Sincronia, and later approximation and fairness results optimize completion or slowdown under network schedules~[citation].",Near Optimal Coflow Scheduling in Networks,2019,Proc. ACM SPAA,
nearoptcoflow,paper/main.tex,"Feedback, Scheduling, and Collective Traffic","The coflow abstraction, Varys, Baraat, Aalo, Sincronia, and later approximation and fairness results optimize completion or slowdown under network schedules~[citation].",Towards Practical and Near-Optimal Coflow Scheduling for Data Center Networks,2016,IEEE Trans. Parallel Distrib. Syst.,10.1109/TPDS.2016.2525767
faircoflow,paper/main.tex,"Feedback, Scheduling, and Collective Traffic","The coflow abstraction, Varys, Baraat, Aalo, Sincronia, and later approximation and fairness results optimize completion or slowdown under network schedules~[citation].",Fair Coflow Scheduling via Controlled Slowdown,2024,IEEE Trans. Parallel Distrib. Syst.,10.1109/TPDS.2024.3446188
stochasticcoflow,paper/main.tex,"Feedback, Scheduling, and Collective Traffic","The coflow abstraction, Varys, Baraat, Aalo, Sincronia, and later approximation and fairness results optimize completion or slowdown under network schedules~[citation].",Performance Bounds for Priority-Based Stochastic Coflow Scheduling,2026,IEEE Trans. Parallel Distrib. Syst.,10.1109/TPDS.2026.3690856
moe,paper/main.tex,"Feedback, Scheduling, and Collective Traffic",Recent rate-based MoE scheduling explicitly avoids incast from a known demand matrix~[citation].,Incast-Free {MoE} Rate-Based Scheduling,2026,,
abm,paper/main.tex,Buffer Management and Proactive Control,"ABM uses occupancy and drain information for isolation, drain-time, and burst tolerance~[citation].",{ABM}: Active Buffer Management in Datacenters,2022,Proc. ACM SIGCOMM,10.1145/3544216.3544252
tab,paper/main.tex,Buffer Management and Proactive Control,"Traffic-aware sharing, Reverie, Credence, and Occamy use traffic classes, low-pass behavior, predictions, or preemptive reclamation to improve shared-buffer utilization~[citation].",Traffic-Aware Buffer Management in Shared Memory Switches,2022,IEEE/ACM Trans. Netw.,10.1109/TNET.2022.3173930
reverie,paper/main.tex,Buffer Management and Proactive Control,"Traffic-aware sharing, Reverie, Credence, and Occamy use traffic classes, low-pass behavior, predictions, or preemptive reclamation to improve shared-buffer utilization~[citation].",Reverie: Low Pass Filter-Based Switch Buffer Sharing for Datacenters with {RDMA} and {TCP} Traffic,2024,Proc. USENIX NSDI,
credence,paper/main.tex,Buffer Management and Proactive Control,"Traffic-aware sharing, Reverie, Credence, and Occamy use traffic classes, low-pass behavior, predictions, or preemptive reclamation to improve shared-buffer utilization~[citation].",Credence: Augmenting Datacenter Switch Buffer Sharing with {ML} Predictions,2024,Proc. USENIX NSDI,
occamy,paper/main.tex,Buffer Management and Proactive Control,"Traffic-aware sharing, Reverie, Credence, and Occamy use traffic classes, low-pass behavior, predictions, or preemptive reclamation to improve shared-buffer utilization~[citation].",Occamy: A Preemptive Buffer Management for On-Chip Shared-Memory Switches,2025,Proc. ACM EuroSys,10.1145/3689031.3717495
paydebt,paper/main.tex,Buffer Management and Proactive Control,"PayDebt targets burst-induced buffer occupation at cluster scale, and P-PFC predicts future PFC triggers~[citation].",PayDebt: Reduce Buffer Occupancy Under Bursty Traffic on Large Clusters,2022,IEEE Trans. Parallel Distrib. Syst.,10.1109/TPDS.2022.3202504
ppfc,paper/main.tex,Buffer Management and Proactive Control,"PayDebt targets burst-induced buffer occupation at cluster scale, and P-PFC predicts future PFC triggers~[citation].",{P-PFC}: Reducing Tail Latency with Predictive {PFC} in Lossless Data Center Networks,2020,IEEE Trans. Parallel Distrib. Syst.,10.1109/TPDS.2020.2969182
top,paper/main.tex,Buffer Management and Proactive Control,TOP moves prioritization into tokens~[citation]; Swing extends lossless RDMA across longer paths~[citation]; Mars studies throughput with shallow buffers in reconfigurable networks~[citation].,Exploring Token-Oriented In-Network Prioritization in Datacenter Networks,2020,IEEE Trans. Parallel Distrib. Syst.,10.1109/TPDS.2019.2958899
swing,paper/main.tex,Buffer Management and Proactive Control,TOP moves prioritization into tokens~[citation]; Swing extends lossless RDMA across longer paths~[citation]; Mars studies throughput with shallow buffers in reconfigurable networks~[citation].,Swing: Providing Long-Range Lossless {RDMA} via {PFC}-Relay,2023,IEEE Trans. Parallel Distrib. Syst.,10.1109/TPDS.2022.3215517
mars,paper/main.tex,Buffer Management and Proactive Control,TOP moves prioritization into tokens~[citation]; Swing extends lossless RDMA across longer paths~[citation]; Mars studies throughput with shallow buffers in reconfigurable networks~[citation].,Mars: Near-Optimal Throughput with Shallow Buffers in Reconfigurable Datacenter Networks,2022,Proc. ACM CoNEXT,
netcal,paper/main.tex,Deterministic Bounds and Structural Complexity,\subsection{Deterministic Bounds and Structural Complexity} Network calculus supplies min-plus service/backlog identities and deterministic upper bounds~[citation]; GPS analysis relates service shares to delay guarantees~[citation].,Network Calculus: A Theory of Deterministic Queuing Systems for the Internet,2001,,
chang,paper/main.tex,Deterministic Bounds and Structural Complexity,\subsection{Deterministic Bounds and Structural Complexity} Network calculus supplies min-plus service/backlog identities and deterministic upper bounds~[citation]; GPS analysis relates service shares to delay guarantees~[citation].,Performance Guarantees in Communication Networks,2000,,
cruz1,paper/main.tex,Deterministic Bounds and Structural Complexity,\subsection{Deterministic Bounds and Structural Complexity} Network calculus supplies min-plus service/backlog identities and deterministic upper bounds~[citation]; GPS analysis relates service shares to delay guarantees~[citation].,"A Calculus for Network Delay, Part {I}: Network Elements in Isolation",1991,IEEE Trans. Inf. Theory,
cruz2,paper/main.tex,Deterministic Bounds and Structural Complexity,\subsection{Deterministic Bounds and Structural Complexity} Network calculus supplies min-plus service/backlog identities and deterministic upper bounds~[citation]; GPS analysis relates service shares to delay guarantees~[citation].,"A Calculus for Network Delay, Part {II}: Network Analysis",1991,IEEE Trans. Inf. Theory,
parekh1,paper/main.tex,Deterministic Bounds and Structural Complexity,\subsection{Deterministic Bounds and Structural Complexity} Network calculus supplies min-plus service/backlog identities and deterministic upper bounds~[citation]; GPS analysis relates service shares to delay guarantees~[citation].,A Generalized Processor Sharing Approach to Flow Control in Integrated Services Networks: The Single-Node Case,1993,IEEE/ACM Trans. Netw.,
parekh2,paper/main.tex,Deterministic Bounds and Structural Complexity,\subsection{Deterministic Bounds and Structural Complexity} Network calculus supplies min-plus service/backlog identities and deterministic upper bounds~[citation]; GPS analysis relates service shares to delay guarantees~[citation].,A Generalized Processor Sharing Approach to Flow Control in Integrated Services Networks: The Multiple Node Case,1994,IEEE/ACM Trans. Netw.,
robust,paper/main.tex,Deterministic Bounds and Structural Complexity,Robust optimization formalizes protection against an uncertainty set~[citation].,The Price of Robustness,2004,Operations Research,
tight,paper/main.tex,Deterministic Bounds and Structural Complexity,Bouillard and Thierry show that exact worst-case analysis can already be hard in feed-forward blind-multiplexing networks~[citation].,Tight Performance Bounds in the Worst-Case Analysis of Feed-Forward Networks,2016,Discrete Event Dynamic Systems,
dechter,paper/main.tex,Deterministic Bounds and Structural Complexity,The correlated-phase algorithm is standard max-sum variable elimination applied to queue-derived factors~[citation].,Bucket Elimination: A Unifying Framework for Reasoning,1999,Artificial Intelligence,
koller,paper/main.tex,Deterministic Bounds and Structural Complexity,The correlated-phase algorithm is standard max-sum variable elimination applied to queue-derived factors~[citation].,Probabilistic Graphical Models: Principles and Techniques,2009,,
bodlaender,paper/main.tex,Deterministic Bounds and Structural Complexity,Induced width controls intermediate factor size; finding optimal bounded-width decompositions has its own algorithmic and complexity theory~[citation].,A Linear-Time Algorithm for Finding Tree-Decompositions of Small Treewidth,1996,SIAM J. Comput.,
arnborg,paper/main.tex,Deterministic Bounds and Structural Complexity,Induced width controls intermediate factor size; finding optimal bounded-width decompositions has its own algorithmic and complexity theory~[citation].,Complexity of Finding Embeddings in a $k$-Tree,1987,SIAM J. Algebraic Discrete Methods,
maxcut,paper/main.tex,Deterministic Bounds and Structural Complexity,"The queue contribution is the exact factorization, candidate-time reduction, witness reconstruction, and a matching model-specific hardness construction from simple MAX-CUT~[citation].",Some Simplified {NP}-Complete Graph Problems,1976,Theoretical Computer Science,10.1016/0304-3975(76)90059-1
maxcut,paper/main.tex,Unbounded-Width Hardness,Reduce from simple MAX-CUT~[citation].,Some Simplified {NP}-Complete Graph Problems,1976,Theoretical Computer Science,10.1016/0304-3975(76)90059-1
