key,status,route,identifier,title_similarity,registry_year,http_status,errors,warnings
aalo,unverified,,,,,,"no DOI, arXiv id, ISBN, or URL",
abm,network-failed,Crossref DOI registry,10.1145/3544216.3544252,,,,URLError: <urlopen error [Errno -3] Temporary failure in name resolution>,
admmcloud,network-failed,Crossref DOI registry,10.1109/tpds.2017.2658620,,,,URLError: <urlopen error [Errno -3] Temporary failure in name resolution>,
arnborg,unverified,,,,,,"no DOI, arXiv id, ISBN, or URL",
baraat,unverified,,,,,,"no DOI, arXiv id, ISBN, or URL",
bfc,unverified,,,,,,"no DOI, arXiv id, ISBN, or URL",
bodlaender,unverified,,,,,,"no DOI, arXiv id, ISBN, or URL",
chang,unverified,,,,,,"no DOI, arXiv id, ISBN, or URL",
coflow,unverified,,,,,,"no DOI, arXiv id, ISBN, or URL",
coflowgeneral,unverified,,,,,,"no DOI, arXiv id, ISBN, or URL",
conga,unverified,,,,,,"no DOI, arXiv id, ISBN, or URL",
credence,unverified,,,,,,"no DOI, arXiv id, ISBN, or URL",
cruz1,unverified,,,,,,"no DOI, arXiv id, ISBN, or URL",
cruz2,unverified,,,,,,"no DOI, arXiv id, ISBN, or URL",
d2tcp,unverified,,,,,,"no DOI, arXiv id, ISBN, or URL",
d3,unverified,,,,,,"no DOI, arXiv id, ISBN, or URL",
dcqcn,unverified,,,,,,"no DOI, arXiv id, ISBN, or URL",
dctcp,network-failed,Crossref DOI registry,10.1145/1851182.1851192,,,,URLError: <urlopen error [Errno -3] Temporary failure in name resolution>,
dcwan,network-failed,Crossref DOI registry,10.1109/tpds.2023.3245092,,,,URLError: <urlopen error [Errno -3] Temporary failure in name resolution>,
dechter,unverified,,,,,,"no DOI, arXiv id, ISBN, or URL",
expresspass,unverified,,,,,,"no DOI, arXiv id, ISBN, or URL",
faircoflow,network-failed,Crossref DOI registry,10.1109/tpds.2024.3446188,,,,URLError: <urlopen error [Errno -3] Temporary failure in name resolution>,
fastpass,unverified,,,,,,"no DOI, arXiv id, ISBN, or URL",
hermes,unverified,,,,,,"no DOI, arXiv id, ISBN, or URL",
homa,unverified,,,,,,"no DOI, arXiv id, ISBN, or URL",
hpcc,unverified,,,,,,"no DOI, arXiv id, ISBN, or URL",
hula,unverified,,,,,,"no DOI, arXiv id, ISBN, or URL",
hull,unverified,,,,,,"no DOI, arXiv id, ISBN, or URL",
koller,unverified,,,,,,"no DOI, arXiv id, ISBN, or URL",
letflow,unverified,,,,,,"no DOI, arXiv id, ISBN, or URL",
luopan,network-failed,Crossref DOI registry,10.1109/tpds.2018.2858815,,,,URLError: <urlopen error [Errno -3] Temporary failure in name resolution>,
mars,unverified,,,,,,"no DOI, arXiv id, ISBN, or URL",
maxcut,network-failed,Crossref DOI registry,10.1016/0304-3975(76)90059-1,,,,URLError: <urlopen error [Errno -3] Temporary failure in name resolution>,
moe,unverified,,,,,,"no DOI, arXiv id, ISBN, or URL",
ndp,unverified,,,,,,"no DOI, arXiv id, ISBN, or URL",
nearoptcoflow,network-failed,Crossref DOI registry,10.1109/tpds.2016.2525767,,,,URLError: <urlopen error [Errno -3] Temporary failure in name resolution>,
netcal,unverified,,,,,,"no DOI, arXiv id, ISBN, or URL",
occamy,network-failed,Crossref DOI registry,10.1145/3689031.3717495,,,,URLError: <urlopen error [Errno -3] Temporary failure in name resolution>,
parekh1,unverified,,,,,,"no DOI, arXiv id, ISBN, or URL",
parekh2,unverified,,,,,,"no DOI, arXiv id, ISBN, or URL",
paydebt,network-failed,Crossref DOI registry,10.1109/tpds.2022.3202504,,,,URLError: <urlopen error [Errno -3] Temporary failure in name resolution>,
pdq,unverified,,,,,,"no DOI, arXiv id, ISBN, or URL",
pfabric,unverified,,,,,,"no DOI, arXiv id, ISBN, or URL",
phost,unverified,,,,,,"no DOI, arXiv id, ISBN, or URL",
pias,unverified,,,,,,"no DOI, arXiv id, ISBN, or URL",
powertcp,unverified,,,,,,"no DOI, arXiv id, ISBN, or URL",
ppfc,network-failed,Crossref DOI registry,10.1109/tpds.2020.2969182,,,,URLError: <urlopen error [Errno -3] Temporary failure in name resolution>,
presto,unverified,,,,,,"no DOI, arXiv id, ISBN, or URL",
reverie,unverified,,,,,,"no DOI, arXiv id, ISBN, or URL",
robust,unverified,,,,,,"no DOI, arXiv id, ISBN, or URL",
scaleflux,network-failed,Crossref DOI registry,10.1109/tpds.2022.3204209,,,,URLError: <urlopen error [Errno -3] Temporary failure in name resolution>,
sincronia,unverified,,,,,,"no DOI, arXiv id, ISBN, or URL",
sird,unverified,,,,,,"no DOI, arXiv id, ISBN, or URL",
stochasticcoflow,network-failed,Crossref DOI registry,10.1109/tpds.2026.3690856,,,,URLError: <urlopen error [Errno -3] Temporary failure in name resolution>,
swift,unverified,,,,,,"no DOI, arXiv id, ISBN, or URL",
swing,network-failed,Crossref DOI registry,10.1109/tpds.2022.3215517,,,,URLError: <urlopen error [Errno -3] Temporary failure in name resolution>,
tab,network-failed,Crossref DOI registry,10.1109/tnet.2022.3173930,,,,URLError: <urlopen error [Errno -3] Temporary failure in name resolution>,
tight,unverified,,,,,,"no DOI, arXiv id, ISBN, or URL",
timely,unverified,,,,,,"no DOI, arXiv id, ISBN, or URL",
top,network-failed,Crossref DOI registry,10.1109/tpds.2019.2958899,,,,URLError: <urlopen error [Errno -3] Temporary failure in name resolution>,
varys,unverified,,,,,,"no DOI, arXiv id, ISBN, or URL",
